Computer Group Name,Operating System Name,Application Name
Asia Pacific,Windows 2000 SP4,Acrobat Reader 7.0
Beijing,Windows 2000 SP4,Acrobat Reader 7.0
Berlin,Windows 2000 SP4,Acrobat Reader 7.0
Boston,Windows 2000 SP4,Acrobat Reader 7.0
By Business Unit,Windows 2000 SP4,Acrobat Reader 7.0
By Function,Windows 2000 SP4,Acrobat Reader 7.0
By Location,Windows 2000 SP4,Acrobat Reader 7.0
Canada,Windows 2000 SP4,Acrobat Reader 7.0
Chicago,Windows 2000 SP4,Acrobat Reader 7.0
Corporate Banking,Windows 2000 SP4,Acrobat Reader 7.0
Credit,Windows 2000 SP4,Acrobat Reader 7.0
CRM,Windows 2000 SP4,Acrobat Reader 7.0
Desktops,Windows 2000 SP4,Acrobat Reader 7.0
Edinburgh,Windows 2000 SP4,Acrobat Reader 7.0
EMEA,Windows 2000 SP4,Acrobat Reader 7.0
Engineering,Windows 2000 SP4,Acrobat Reader 7.0
External Presence,Windows 2000 SP4,Acrobat Reader 7.0
Financial,Windows 2000 SP4,Acrobat Reader 7.0
France,Windows 2000 SP4,Acrobat Reader 7.0
Frankfurt,Windows 2000 SP4,Acrobat Reader 7.0
Germany,Windows 2000 SP4,Acrobat Reader 7.0
Glasgow,Windows 2000 SP4,Acrobat Reader 7.0
Great Britain,Windows 2000 SP4,Acrobat Reader 7.0
Hamburg,Windows 2000 SP4,Acrobat Reader 7.0
Hannover,Windows 2000 SP4,Acrobat Reader 7.0
Hong Kong,Windows 2000 SP4,Acrobat Reader 7.0
HR,Windows 2000 SP4,Acrobat Reader 7.0
Infrastructure,Windows 2000 SP4,Acrobat Reader 7.0
Leasing,Windows 2000 SP4,Acrobat Reader 7.0
Lending,Windows 2000 SP4,Acrobat Reader 7.0
LiverPool,Windows 2000 SP4,Acrobat Reader 7.0
London,Windows 2000 SP4,Acrobat Reader 7.0
Los Angeles,Windows 2000 SP4,Acrobat Reader 7.0
Lyon,Windows 2000 SP4,Acrobat Reader 7.0
Manchester,Windows 2000 SP4,Acrobat Reader 7.0
Marseille,Windows 2000 SP4,Acrobat Reader 7.0
Mobile,Windows 2000 SP4,Acrobat Reader 7.0
Montreal,Windows 2000 SP4,Acrobat Reader 7.0
New York,Windows 2000 SP4,Acrobat Reader 7.0
Nice,Windows 2000 SP4,Acrobat Reader 7.0
North America,Windows 2000 SP4,Acrobat Reader 7.0
Operations,Windows 2000 SP4,Acrobat Reader 7.0
Paris,Windows 2000 SP4,Acrobat Reader 7.0
Peronsal Banking,Windows 2000 SP4,Acrobat Reader 7.0
Printers,Windows 2000 SP4,Acrobat Reader 7.0
Refinance,Windows 2000 SP4,Acrobat Reader 7.0
San Francisco,Windows 2000 SP4,Acrobat Reader 7.0
Servers,Windows 2000 SP4,Acrobat Reader 7.0
Sydney,Windows 2000 SP4,Acrobat Reader 7.0
Taipei,Windows 2000 SP4,Acrobat Reader 7.0
Tethered,Windows 2000 SP4,Acrobat Reader 7.0
Tokyo,Windows 2000 SP4,Acrobat Reader 7.0
Toronto,Windows 2000 SP4,Acrobat Reader 7.0
Toulouse,Windows 2000 SP4,Acrobat Reader 7.0
United States,Windows 2000 SP4,Acrobat Reader 7.0
Vancouver,Windows 2000 SP4,Acrobat Reader 7.0
Asia Pacific,Windows XP,Acrobat Reader 7.0.8
Beijing,Windows XP,Acrobat Reader 7.0.8
Berlin,Windows XP,Acrobat Reader 7.0.8
Boston,Windows XP,Acrobat Reader 7.0.8
By Business Unit,Windows XP,Acrobat Reader 7.0.8
By Function,Windows XP,Acrobat Reader 7.0.8
By Location,Windows XP,Acrobat Reader 7.0.8
Canada,Windows XP,Acrobat Reader 7.0.8
Chicago,Windows XP,Acrobat Reader 7.0.8
Corporate Banking,Windows XP,Acrobat Reader 7.0.8
Credit,Windows XP,Acrobat Reader 7.0.8
CRM,Windows XP,Acrobat Reader 7.0.8
Desktops,Windows XP,Acrobat Reader 7.0.8
Edinburgh,Windows XP,Acrobat Reader 7.0.8
EMEA,Windows XP,Acrobat Reader 7.0.8
Engineering,Windows XP,Acrobat Reader 7.0.8
External Presence,Windows XP,Acrobat Reader 7.0.8
Financial,Windows XP,Acrobat Reader 7.0.8
France,Windows XP,Acrobat Reader 7.0.8
Frankfurt,Windows XP,Acrobat Reader 7.0.8
Germany,Windows XP,Acrobat Reader 7.0.8
Glasgow,Windows XP,Acrobat Reader 7.0.8
Great Britain,Windows XP,Acrobat Reader 7.0.8
Hamburg,Windows XP,Acrobat Reader 7.0.8
Hannover,Windows XP,Acrobat Reader 7.0.8
Hong Kong,Windows XP,Acrobat Reader 7.0.8
HR,Windows XP,Acrobat Reader 7.0.8
Infrastructure,Windows XP,Acrobat Reader 7.0.8
Leasing,Windows XP,Acrobat Reader 7.0.8
Lending,Windows XP,Acrobat Reader 7.0.8
LiverPool,Windows XP,Acrobat Reader 7.0.8
London,Windows XP,Acrobat Reader 7.0.8
Los Angeles,Windows XP,Acrobat Reader 7.0.8
Lyon,Windows XP,Acrobat Reader 7.0.8
Manchester,Windows XP,Acrobat Reader 7.0.8
Marseille,Windows XP,Acrobat Reader 7.0.8
Mobile,Windows XP,Acrobat Reader 7.0.8
Montreal,Windows XP,Acrobat Reader 7.0.8
New York,Windows XP,Acrobat Reader 7.0.8
Nice,Windows XP,Acrobat Reader 7.0.8
North America,Windows XP,Acrobat Reader 7.0.8
Operations,Windows XP,Acrobat Reader 7.0.8
Paris,Windows XP,Acrobat Reader 7.0.8
Peronsal Banking,Windows XP,Acrobat Reader 7.0.8
Printers,Windows XP,Acrobat Reader 7.0.8
Refinance,Windows XP,Acrobat Reader 7.0.8
San Francisco,Windows XP,Acrobat Reader 7.0.8
Servers,Windows XP,Acrobat Reader 7.0.8
Sydney,Windows XP,Acrobat Reader 7.0.8
Taipei,Windows XP,Acrobat Reader 7.0.8
Tethered,Windows XP,Acrobat Reader 7.0.8
Tokyo,Windows XP,Acrobat Reader 7.0.8
Toronto,Windows XP,Acrobat Reader 7.0.8
Toulouse,Windows XP,Acrobat Reader 7.0.8
United States,Windows XP,Acrobat Reader 7.0.8
Vancouver,Windows XP,Acrobat Reader 7.0.8
Asia Pacific,MacOS X 10.4 (Intel),iCal
Beijing,MacOS X 10.4 (Intel),iCal
Berlin,MacOS X 10.4 (Intel),iCal
Boston,MacOS X 10.4 (Intel),iCal
By Business Unit,MacOS X 10.4 (Intel),iCal
By Function,MacOS X 10.4 (Intel),iCal
By Location,MacOS X 10.4 (Intel),iCal
Canada,MacOS X 10.4 (Intel),iCal
Chicago,MacOS X 10.4 (Intel),iCal
Corporate Banking,MacOS X 10.4 (Intel),iCal
Credit,MacOS X 10.4 (Intel),iCal
CRM,MacOS X 10.4 (Intel),iCal
Desktops,MacOS X 10.4 (Intel),iCal
Edinburgh,MacOS X 10.4 (Intel),iCal
EMEA,MacOS X 10.4 (Intel),iCal
Engineering,MacOS X 10.4 (Intel),iCal
External Presence,MacOS X 10.4 (Intel),iCal
Financial,MacOS X 10.4 (Intel),iCal
France,MacOS X 10.4 (Intel),iCal
Frankfurt,MacOS X 10.4 (Intel),iCal
Germany,MacOS X 10.4 (Intel),iCal
Glasgow,MacOS X 10.4 (Intel),iCal
Great Britain,MacOS X 10.4 (Intel),iCal
Hamburg,MacOS X 10.4 (Intel),iCal
Hannover,MacOS X 10.4 (Intel),iCal
Hong Kong,MacOS X 10.4 (Intel),iCal
HR,MacOS X 10.4 (Intel),iCal
Infrastructure,MacOS X 10.4 (Intel),iCal
Leasing,MacOS X 10.4 (Intel),iCal
Lending,MacOS X 10.4 (Intel),iCal
LiverPool,MacOS X 10.4 (Intel),iCal
London,MacOS X 10.4 (Intel),iCal
Los Angeles,MacOS X 10.4 (Intel),iCal
Lyon,MacOS X 10.4 (Intel),iCal
Manchester,MacOS X 10.4 (Intel),iCal
Marseille,MacOS X 10.4 (Intel),iCal
Mobile,MacOS X 10.4 (Intel),iCal
Montreal,MacOS X 10.4 (Intel),iCal
New York,MacOS X 10.4 (Intel),iCal
Nice,MacOS X 10.4 (Intel),iCal
North America,MacOS X 10.4 (Intel),iCal
Operations,MacOS X 10.4 (Intel),iCal
Paris,MacOS X 10.4 (Intel),iCal
Peronsal Banking,MacOS X 10.4 (Intel),iCal
Printers,MacOS X 10.4 (Intel),iCal
Refinance,MacOS X 10.4 (Intel),iCal
San Francisco,MacOS X 10.4 (Intel),iCal
Servers,MacOS X 10.4 (Intel),iCal
Sydney,MacOS X 10.4 (Intel),iCal
Taipei,MacOS X 10.4 (Intel),iCal
Tethered,MacOS X 10.4 (Intel),iCal
Tokyo,MacOS X 10.4 (Intel),iCal
Toronto,MacOS X 10.4 (Intel),iCal
Toulouse,MacOS X 10.4 (Intel),iCal
United States,MacOS X 10.4 (Intel),iCal
Vancouver,MacOS X 10.4 (Intel),iCal
Asia Pacific,MacOS X 10.4 (Intel),iChat
Beijing,MacOS X 10.4 (Intel),iChat
Berlin,MacOS X 10.4 (Intel),iChat
Boston,MacOS X 10.4 (Intel),iChat
By Business Unit,MacOS X 10.4 (Intel),iChat
By Function,MacOS X 10.4 (Intel),iChat
By Location,MacOS X 10.4 (Intel),iChat
Canada,MacOS X 10.4 (Intel),iChat
Chicago,MacOS X 10.4 (Intel),iChat
Corporate Banking,MacOS X 10.4 (Intel),iChat
Credit,MacOS X 10.4 (Intel),iChat
CRM,MacOS X 10.4 (Intel),iChat
Desktops,MacOS X 10.4 (Intel),iChat
Edinburgh,MacOS X 10.4 (Intel),iChat
EMEA,MacOS X 10.4 (Intel),iChat
Engineering,MacOS X 10.4 (Intel),iChat
External Presence,MacOS X 10.4 (Intel),iChat
Financial,MacOS X 10.4 (Intel),iChat
France,MacOS X 10.4 (Intel),iChat
Frankfurt,MacOS X 10.4 (Intel),iChat
Germany,MacOS X 10.4 (Intel),iChat
Glasgow,MacOS X 10.4 (Intel),iChat
Great Britain,MacOS X 10.4 (Intel),iChat
Hamburg,MacOS X 10.4 (Intel),iChat
Hannover,MacOS X 10.4 (Intel),iChat
Hong Kong,MacOS X 10.4 (Intel),iChat
HR,MacOS X 10.4 (Intel),iChat
Infrastructure,MacOS X 10.4 (Intel),iChat
Leasing,MacOS X 10.4 (Intel),iChat
Lending,MacOS X 10.4 (Intel),iChat
LiverPool,MacOS X 10.4 (Intel),iChat
London,MacOS X 10.4 (Intel),iChat
Los Angeles,MacOS X 10.4 (Intel),iChat
Lyon,MacOS X 10.4 (Intel),iChat
Manchester,MacOS X 10.4 (Intel),iChat
Marseille,MacOS X 10.4 (Intel),iChat
Mobile,MacOS X 10.4 (Intel),iChat
Montreal,MacOS X 10.4 (Intel),iChat
New York,MacOS X 10.4 (Intel),iChat
Nice,MacOS X 10.4 (Intel),iChat
North America,MacOS X 10.4 (Intel),iChat
Operations,MacOS X 10.4 (Intel),iChat
Paris,MacOS X 10.4 (Intel),iChat
Peronsal Banking,MacOS X 10.4 (Intel),iChat
Printers,MacOS X 10.4 (Intel),iChat
Refinance,MacOS X 10.4 (Intel),iChat
San Francisco,MacOS X 10.4 (Intel),iChat
Servers,MacOS X 10.4 (Intel),iChat
Sydney,MacOS X 10.4 (Intel),iChat
Taipei,MacOS X 10.4 (Intel),iChat
Tethered,MacOS X 10.4 (Intel),iChat
Tokyo,MacOS X 10.4 (Intel),iChat
Toronto,MacOS X 10.4 (Intel),iChat
Toulouse,MacOS X 10.4 (Intel),iChat
United States,MacOS X 10.4 (Intel),iChat
Vancouver,MacOS X 10.4 (Intel),iChat
Asia Pacific,Windows XP,Internet Explorer 6.0
Beijing,Windows XP,Internet Explorer 6.0
Berlin,Windows XP,Internet Explorer 6.0
Boston,Windows XP,Internet Explorer 6.0
By Business Unit,Windows XP,Internet Explorer 6.0
By Function,Windows XP,Internet Explorer 6.0
By Location,Windows XP,Internet Explorer 6.0
Canada,Windows XP,Internet Explorer 6.0
Chicago,Windows XP,Internet Explorer 6.0
Corporate Banking,Windows XP,Internet Explorer 6.0
Credit,Windows XP,Internet Explorer 6.0
CRM,Windows XP,Internet Explorer 6.0
Desktops,Windows XP,Internet Explorer 6.0
Edinburgh,Windows XP,Internet Explorer 6.0
EMEA,Windows XP,Internet Explorer 6.0
Engineering,Windows XP,Internet Explorer 6.0
External Presence,Windows XP,Internet Explorer 6.0
Financial,Windows XP,Internet Explorer 6.0
France,Windows XP,Internet Explorer 6.0
Frankfurt,Windows XP,Internet Explorer 6.0
Germany,Windows XP,Internet Explorer 6.0
Glasgow,Windows XP,Internet Explorer 6.0
Great Britain,Windows XP,Internet Explorer 6.0
Hamburg,Windows XP,Internet Explorer 6.0
Hannover,Windows XP,Internet Explorer 6.0
Hong Kong,Windows XP,Internet Explorer 6.0
HR,Windows XP,Internet Explorer 6.0
Infrastructure,Windows XP,Internet Explorer 6.0
Leasing,Windows XP,Internet Explorer 6.0
Lending,Windows XP,Internet Explorer 6.0
LiverPool,Windows XP,Internet Explorer 6.0
London,Windows XP,Internet Explorer 6.0
Los Angeles,Windows XP,Internet Explorer 6.0
Lyon,Windows XP,Internet Explorer 6.0
Manchester,Windows XP,Internet Explorer 6.0
Marseille,Windows XP,Internet Explorer 6.0
Mobile,Windows XP,Internet Explorer 6.0
Montreal,Windows XP,Internet Explorer 6.0
New York,Windows XP,Internet Explorer 6.0
Nice,Windows XP,Internet Explorer 6.0
North America,Windows XP,Internet Explorer 6.0
Operations,Windows XP,Internet Explorer 6.0
Paris,Windows XP,Internet Explorer 6.0
Peronsal Banking,Windows XP,Internet Explorer 6.0
Printers,Windows XP,Internet Explorer 6.0
Refinance,Windows XP,Internet Explorer 6.0
San Francisco,Windows XP,Internet Explorer 6.0
Servers,Windows XP,Internet Explorer 6.0
Sydney,Windows XP,Internet Explorer 6.0
Taipei,Windows XP,Internet Explorer 6.0
Tethered,Windows XP,Internet Explorer 6.0
Tokyo,Windows XP,Internet Explorer 6.0
Toronto,Windows XP,Internet Explorer 6.0
Toulouse,Windows XP,Internet Explorer 6.0
United States,Windows XP,Internet Explorer 6.0
Vancouver,Windows XP,Internet Explorer 6.0
Asia Pacific,Windows Vista,Internet Explorer 7.0
Beijing,Windows Vista,Internet Explorer 7.0
Berlin,Windows Vista,Internet Explorer 7.0
Boston,Windows Vista,Internet Explorer 7.0
By Business Unit,Windows Vista,Internet Explorer 7.0
By Function,Windows Vista,Internet Explorer 7.0
By Location,Windows Vista,Internet Explorer 7.0
Canada,Windows Vista,Internet Explorer 7.0
Chicago,Windows Vista,Internet Explorer 7.0
Corporate Banking,Windows Vista,Internet Explorer 7.0
Credit,Windows Vista,Internet Explorer 7.0
CRM,Windows Vista,Internet Explorer 7.0
Desktops,Windows Vista,Internet Explorer 7.0
Edinburgh,Windows Vista,Internet Explorer 7.0
EMEA,Windows Vista,Internet Explorer 7.0
Engineering,Windows Vista,Internet Explorer 7.0
External Presence,Windows Vista,Internet Explorer 7.0
Financial,Windows Vista,Internet Explorer 7.0
France,Windows Vista,Internet Explorer 7.0
Frankfurt,Windows Vista,Internet Explorer 7.0
Germany,Windows Vista,Internet Explorer 7.0
Glasgow,Windows Vista,Internet Explorer 7.0
Great Britain,Windows Vista,Internet Explorer 7.0
Hamburg,Windows Vista,Internet Explorer 7.0
Hannover,Windows Vista,Internet Explorer 7.0
Hong Kong,Windows Vista,Internet Explorer 7.0
HR,Windows Vista,Internet Explorer 7.0
Infrastructure,Windows Vista,Internet Explorer 7.0
Leasing,Windows Vista,Internet Explorer 7.0
Lending,Windows Vista,Internet Explorer 7.0
LiverPool,Windows Vista,Internet Explorer 7.0
London,Windows Vista,Internet Explorer 7.0
Los Angeles,Windows Vista,Internet Explorer 7.0
Lyon,Windows Vista,Internet Explorer 7.0
Manchester,Windows Vista,Internet Explorer 7.0
Marseille,Windows Vista,Internet Explorer 7.0
Mobile,Windows Vista,Internet Explorer 7.0
Montreal,Windows Vista,Internet Explorer 7.0
New York,Windows Vista,Internet Explorer 7.0
Nice,Windows Vista,Internet Explorer 7.0
North America,Windows Vista,Internet Explorer 7.0
Operations,Windows Vista,Internet Explorer 7.0
Paris,Windows Vista,Internet Explorer 7.0
Peronsal Banking,Windows Vista,Internet Explorer 7.0
Printers,Windows Vista,Internet Explorer 7.0
Refinance,Windows Vista,Internet Explorer 7.0
San Francisco,Windows Vista,Internet Explorer 7.0
Servers,Windows Vista,Internet Explorer 7.0
Sydney,Windows Vista,Internet Explorer 7.0
Taipei,Windows Vista,Internet Explorer 7.0
Tethered,Windows Vista,Internet Explorer 7.0
Tokyo,Windows Vista,Internet Explorer 7.0
Toronto,Windows Vista,Internet Explorer 7.0
Toulouse,Windows Vista,Internet Explorer 7.0
United States,Windows Vista,Internet Explorer 7.0
Vancouver,Windows Vista,Internet Explorer 7.0
Asia Pacific,MacOS X 10.4 (Intel),iPhoto
Beijing,MacOS X 10.4 (Intel),iPhoto
Berlin,MacOS X 10.4 (Intel),iPhoto
Boston,MacOS X 10.4 (Intel),iPhoto
By Business Unit,MacOS X 10.4 (Intel),iPhoto
By Function,MacOS X 10.4 (Intel),iPhoto
By Location,MacOS X 10.4 (Intel),iPhoto
Canada,MacOS X 10.4 (Intel),iPhoto
Chicago,MacOS X 10.4 (Intel),iPhoto
Corporate Banking,MacOS X 10.4 (Intel),iPhoto
Credit,MacOS X 10.4 (Intel),iPhoto
CRM,MacOS X 10.4 (Intel),iPhoto
Desktops,MacOS X 10.4 (Intel),iPhoto
Edinburgh,MacOS X 10.4 (Intel),iPhoto
EMEA,MacOS X 10.4 (Intel),iPhoto
Engineering,MacOS X 10.4 (Intel),iPhoto
External Presence,MacOS X 10.4 (Intel),iPhoto
Financial,MacOS X 10.4 (Intel),iPhoto
France,MacOS X 10.4 (Intel),iPhoto
Frankfurt,MacOS X 10.4 (Intel),iPhoto
Germany,MacOS X 10.4 (Intel),iPhoto
Glasgow,MacOS X 10.4 (Intel),iPhoto
Great Britain,MacOS X 10.4 (Intel),iPhoto
Hamburg,MacOS X 10.4 (Intel),iPhoto
Hannover,MacOS X 10.4 (Intel),iPhoto
Hong Kong,MacOS X 10.4 (Intel),iPhoto
HR,MacOS X 10.4 (Intel),iPhoto
Infrastructure,MacOS X 10.4 (Intel),iPhoto
Leasing,MacOS X 10.4 (Intel),iPhoto
Lending,MacOS X 10.4 (Intel),iPhoto
LiverPool,MacOS X 10.4 (Intel),iPhoto
London,MacOS X 10.4 (Intel),iPhoto
Los Angeles,MacOS X 10.4 (Intel),iPhoto
Lyon,MacOS X 10.4 (Intel),iPhoto
Manchester,MacOS X 10.4 (Intel),iPhoto
Marseille,MacOS X 10.4 (Intel),iPhoto
Mobile,MacOS X 10.4 (Intel),iPhoto
Montreal,MacOS X 10.4 (Intel),iPhoto
New York,MacOS X 10.4 (Intel),iPhoto
Nice,MacOS X 10.4 (Intel),iPhoto
North America,MacOS X 10.4 (Intel),iPhoto
Operations,MacOS X 10.4 (Intel),iPhoto
Paris,MacOS X 10.4 (Intel),iPhoto
Peronsal Banking,MacOS X 10.4 (Intel),iPhoto
Printers,MacOS X 10.4 (Intel),iPhoto
Refinance,MacOS X 10.4 (Intel),iPhoto
San Francisco,MacOS X 10.4 (Intel),iPhoto
Servers,MacOS X 10.4 (Intel),iPhoto
Sydney,MacOS X 10.4 (Intel),iPhoto
Taipei,MacOS X 10.4 (Intel),iPhoto
Tethered,MacOS X 10.4 (Intel),iPhoto
Tokyo,MacOS X 10.4 (Intel),iPhoto
Toronto,MacOS X 10.4 (Intel),iPhoto
Toulouse,MacOS X 10.4 (Intel),iPhoto
United States,MacOS X 10.4 (Intel),iPhoto
Vancouver,MacOS X 10.4 (Intel),iPhoto
Asia Pacific,MacOS X 10.4 (Intel),iSync
Beijing,MacOS X 10.4 (Intel),iSync
Berlin,MacOS X 10.4 (Intel),iSync
Boston,MacOS X 10.4 (Intel),iSync
By Business Unit,MacOS X 10.4 (Intel),iSync
By Function,MacOS X 10.4 (Intel),iSync
By Location,MacOS X 10.4 (Intel),iSync
Canada,MacOS X 10.4 (Intel),iSync
Chicago,MacOS X 10.4 (Intel),iSync
Corporate Banking,MacOS X 10.4 (Intel),iSync
Credit,MacOS X 10.4 (Intel),iSync
CRM,MacOS X 10.4 (Intel),iSync
Desktops,MacOS X 10.4 (Intel),iSync
Edinburgh,MacOS X 10.4 (Intel),iSync
EMEA,MacOS X 10.4 (Intel),iSync
Engineering,MacOS X 10.4 (Intel),iSync
External Presence,MacOS X 10.4 (Intel),iSync
Financial,MacOS X 10.4 (Intel),iSync
France,MacOS X 10.4 (Intel),iSync
Frankfurt,MacOS X 10.4 (Intel),iSync
Germany,MacOS X 10.4 (Intel),iSync
Glasgow,MacOS X 10.4 (Intel),iSync
Great Britain,MacOS X 10.4 (Intel),iSync
Hamburg,MacOS X 10.4 (Intel),iSync
Hannover,MacOS X 10.4 (Intel),iSync
Hong Kong,MacOS X 10.4 (Intel),iSync
HR,MacOS X 10.4 (Intel),iSync
Infrastructure,MacOS X 10.4 (Intel),iSync
Leasing,MacOS X 10.4 (Intel),iSync
Lending,MacOS X 10.4 (Intel),iSync
LiverPool,MacOS X 10.4 (Intel),iSync
London,MacOS X 10.4 (Intel),iSync
Los Angeles,MacOS X 10.4 (Intel),iSync
Lyon,MacOS X 10.4 (Intel),iSync
Manchester,MacOS X 10.4 (Intel),iSync
Marseille,MacOS X 10.4 (Intel),iSync
Mobile,MacOS X 10.4 (Intel),iSync
Montreal,MacOS X 10.4 (Intel),iSync
New York,MacOS X 10.4 (Intel),iSync
Nice,MacOS X 10.4 (Intel),iSync
North America,MacOS X 10.4 (Intel),iSync
Operations,MacOS X 10.4 (Intel),iSync
Paris,MacOS X 10.4 (Intel),iSync
Peronsal Banking,MacOS X 10.4 (Intel),iSync
Printers,MacOS X 10.4 (Intel),iSync
Refinance,MacOS X 10.4 (Intel),iSync
San Francisco,MacOS X 10.4 (Intel),iSync
Servers,MacOS X 10.4 (Intel),iSync
Sydney,MacOS X 10.4 (Intel),iSync
Taipei,MacOS X 10.4 (Intel),iSync
Tethered,MacOS X 10.4 (Intel),iSync
Tokyo,MacOS X 10.4 (Intel),iSync
Toronto,MacOS X 10.4 (Intel),iSync
Toulouse,MacOS X 10.4 (Intel),iSync
United States,MacOS X 10.4 (Intel),iSync
Vancouver,MacOS X 10.4 (Intel),iSync
Asia Pacific,MacOS X 10.4 (Intel),iTunes
Beijing,MacOS X 10.4 (Intel),iTunes
Berlin,MacOS X 10.4 (Intel),iTunes
Boston,MacOS X 10.4 (Intel),iTunes
By Business Unit,MacOS X 10.4 (Intel),iTunes
By Function,MacOS X 10.4 (Intel),iTunes
By Location,MacOS X 10.4 (Intel),iTunes
Canada,MacOS X 10.4 (Intel),iTunes
Chicago,MacOS X 10.4 (Intel),iTunes
Corporate Banking,MacOS X 10.4 (Intel),iTunes
Credit,MacOS X 10.4 (Intel),iTunes
CRM,MacOS X 10.4 (Intel),iTunes
Desktops,MacOS X 10.4 (Intel),iTunes
Edinburgh,MacOS X 10.4 (Intel),iTunes
EMEA,MacOS X 10.4 (Intel),iTunes
Engineering,MacOS X 10.4 (Intel),iTunes
External Presence,MacOS X 10.4 (Intel),iTunes
Financial,MacOS X 10.4 (Intel),iTunes
France,MacOS X 10.4 (Intel),iTunes
Frankfurt,MacOS X 10.4 (Intel),iTunes
Germany,MacOS X 10.4 (Intel),iTunes
Glasgow,MacOS X 10.4 (Intel),iTunes
Great Britain,MacOS X 10.4 (Intel),iTunes
Hamburg,MacOS X 10.4 (Intel),iTunes
Hannover,MacOS X 10.4 (Intel),iTunes
Hong Kong,MacOS X 10.4 (Intel),iTunes
HR,MacOS X 10.4 (Intel),iTunes
Infrastructure,MacOS X 10.4 (Intel),iTunes
Leasing,MacOS X 10.4 (Intel),iTunes
Lending,MacOS X 10.4 (Intel),iTunes
LiverPool,MacOS X 10.4 (Intel),iTunes
London,MacOS X 10.4 (Intel),iTunes
Los Angeles,MacOS X 10.4 (Intel),iTunes
Lyon,MacOS X 10.4 (Intel),iTunes
Manchester,MacOS X 10.4 (Intel),iTunes
Marseille,MacOS X 10.4 (Intel),iTunes
Mobile,MacOS X 10.4 (Intel),iTunes
Montreal,MacOS X 10.4 (Intel),iTunes
New York,MacOS X 10.4 (Intel),iTunes
Nice,MacOS X 10.4 (Intel),iTunes
North America,MacOS X 10.4 (Intel),iTunes
Operations,MacOS X 10.4 (Intel),iTunes
Paris,MacOS X 10.4 (Intel),iTunes
Peronsal Banking,MacOS X 10.4 (Intel),iTunes
Printers,MacOS X 10.4 (Intel),iTunes
Refinance,MacOS X 10.4 (Intel),iTunes
San Francisco,MacOS X 10.4 (Intel),iTunes
Servers,MacOS X 10.4 (Intel),iTunes
Sydney,MacOS X 10.4 (Intel),iTunes
Taipei,MacOS X 10.4 (Intel),iTunes
Tethered,MacOS X 10.4 (Intel),iTunes
Tokyo,MacOS X 10.4 (Intel),iTunes
Toronto,MacOS X 10.4 (Intel),iTunes
Toulouse,MacOS X 10.4 (Intel),iTunes
United States,MacOS X 10.4 (Intel),iTunes
Vancouver,MacOS X 10.4 (Intel),iTunes
Asia Pacific,MacOS X 10.4 (Intel),Mac OS X 10.4
Beijing,MacOS X 10.4 (Intel),Mac OS X 10.4
Berlin,MacOS X 10.4 (Intel),Mac OS X 10.4
Boston,MacOS X 10.4 (Intel),Mac OS X 10.4
By Business Unit,MacOS X 10.4 (Intel),Mac OS X 10.4
By Function,MacOS X 10.4 (Intel),Mac OS X 10.4
By Location,MacOS X 10.4 (Intel),Mac OS X 10.4
Canada,MacOS X 10.4 (Intel),Mac OS X 10.4
Chicago,MacOS X 10.4 (Intel),Mac OS X 10.4
Corporate Banking,MacOS X 10.4 (Intel),Mac OS X 10.4
Credit,MacOS X 10.4 (Intel),Mac OS X 10.4
CRM,MacOS X 10.4 (Intel),Mac OS X 10.4
Desktops,MacOS X 10.4 (Intel),Mac OS X 10.4
Edinburgh,MacOS X 10.4 (Intel),Mac OS X 10.4
EMEA,MacOS X 10.4 (Intel),Mac OS X 10.4
Engineering,MacOS X 10.4 (Intel),Mac OS X 10.4
External Presence,MacOS X 10.4 (Intel),Mac OS X 10.4
Financial,MacOS X 10.4 (Intel),Mac OS X 10.4
France,MacOS X 10.4 (Intel),Mac OS X 10.4
Frankfurt,MacOS X 10.4 (Intel),Mac OS X 10.4
Germany,MacOS X 10.4 (Intel),Mac OS X 10.4
Glasgow,MacOS X 10.4 (Intel),Mac OS X 10.4
Great Britain,MacOS X 10.4 (Intel),Mac OS X 10.4
Hamburg,MacOS X 10.4 (Intel),Mac OS X 10.4
Hannover,MacOS X 10.4 (Intel),Mac OS X 10.4
Hong Kong,MacOS X 10.4 (Intel),Mac OS X 10.4
HR,MacOS X 10.4 (Intel),Mac OS X 10.4
Infrastructure,MacOS X 10.4 (Intel),Mac OS X 10.4
Leasing,MacOS X 10.4 (Intel),Mac OS X 10.4
Lending,MacOS X 10.4 (Intel),Mac OS X 10.4
LiverPool,MacOS X 10.4 (Intel),Mac OS X 10.4
London,MacOS X 10.4 (Intel),Mac OS X 10.4
Los Angeles,MacOS X 10.4 (Intel),Mac OS X 10.4
Lyon,MacOS X 10.4 (Intel),Mac OS X 10.4
Manchester,MacOS X 10.4 (Intel),Mac OS X 10.4
Marseille,MacOS X 10.4 (Intel),Mac OS X 10.4
Mobile,MacOS X 10.4 (Intel),Mac OS X 10.4
Montreal,MacOS X 10.4 (Intel),Mac OS X 10.4
New York,MacOS X 10.4 (Intel),Mac OS X 10.4
Nice,MacOS X 10.4 (Intel),Mac OS X 10.4
North America,MacOS X 10.4 (Intel),Mac OS X 10.4
Operations,MacOS X 10.4 (Intel),Mac OS X 10.4
Paris,MacOS X 10.4 (Intel),Mac OS X 10.4
Peronsal Banking,MacOS X 10.4 (Intel),Mac OS X 10.4
Printers,MacOS X 10.4 (Intel),Mac OS X 10.4
Refinance,MacOS X 10.4 (Intel),Mac OS X 10.4
San Francisco,MacOS X 10.4 (Intel),Mac OS X 10.4
Servers,MacOS X 10.4 (Intel),Mac OS X 10.4
Sydney,MacOS X 10.4 (Intel),Mac OS X 10.4
Taipei,MacOS X 10.4 (Intel),Mac OS X 10.4
Tethered,MacOS X 10.4 (Intel),Mac OS X 10.4
Tokyo,MacOS X 10.4 (Intel),Mac OS X 10.4
Toronto,MacOS X 10.4 (Intel),Mac OS X 10.4
Toulouse,MacOS X 10.4 (Intel),Mac OS X 10.4
United States,MacOS X 10.4 (Intel),Mac OS X 10.4
Vancouver,MacOS X 10.4 (Intel),Mac OS X 10.4
Asia Pacific,Windows 2000 SP4,Office 2000 SP3
Beijing,Windows 2000 SP4,Office 2000 SP3
Berlin,Windows 2000 SP4,Office 2000 SP3
Boston,Windows 2000 SP4,Office 2000 SP3
By Business Unit,Windows 2000 SP4,Office 2000 SP3
By Function,Windows 2000 SP4,Office 2000 SP3
By Location,Windows 2000 SP4,Office 2000 SP3
Canada,Windows 2000 SP4,Office 2000 SP3
Chicago,Windows 2000 SP4,Office 2000 SP3
Corporate Banking,Windows 2000 SP4,Office 2000 SP3
Credit,Windows 2000 SP4,Office 2000 SP3
CRM,Windows 2000 SP4,Office 2000 SP3
Desktops,Windows 2000 SP4,Office 2000 SP3
Edinburgh,Windows 2000 SP4,Office 2000 SP3
EMEA,Windows 2000 SP4,Office 2000 SP3
Engineering,Windows 2000 SP4,Office 2000 SP3
External Presence,Windows 2000 SP4,Office 2000 SP3
Financial,Windows 2000 SP4,Office 2000 SP3
France,Windows 2000 SP4,Office 2000 SP3
Frankfurt,Windows 2000 SP4,Office 2000 SP3
Germany,Windows 2000 SP4,Office 2000 SP3
Glasgow,Windows 2000 SP4,Office 2000 SP3
Great Britain,Windows 2000 SP4,Office 2000 SP3
Hamburg,Windows 2000 SP4,Office 2000 SP3
Hannover,Windows 2000 SP4,Office 2000 SP3
Hong Kong,Windows 2000 SP4,Office 2000 SP3
HR,Windows 2000 SP4,Office 2000 SP3
Infrastructure,Windows 2000 SP4,Office 2000 SP3
Leasing,Windows 2000 SP4,Office 2000 SP3
Lending,Windows 2000 SP4,Office 2000 SP3
LiverPool,Windows 2000 SP4,Office 2000 SP3
London,Windows 2000 SP4,Office 2000 SP3
Los Angeles,Windows 2000 SP4,Office 2000 SP3
Lyon,Windows 2000 SP4,Office 2000 SP3
Manchester,Windows 2000 SP4,Office 2000 SP3
Marseille,Windows 2000 SP4,Office 2000 SP3
Mobile,Windows 2000 SP4,Office 2000 SP3
Montreal,Windows 2000 SP4,Office 2000 SP3
New York,Windows 2000 SP4,Office 2000 SP3
Nice,Windows 2000 SP4,Office 2000 SP3
North America,Windows 2000 SP4,Office 2000 SP3
Operations,Windows 2000 SP4,Office 2000 SP3
Paris,Windows 2000 SP4,Office 2000 SP3
Peronsal Banking,Windows 2000 SP4,Office 2000 SP3
Printers,Windows 2000 SP4,Office 2000 SP3
Refinance,Windows 2000 SP4,Office 2000 SP3
San Francisco,Windows 2000 SP4,Office 2000 SP3
Servers,Windows 2000 SP4,Office 2000 SP3
Sydney,Windows 2000 SP4,Office 2000 SP3
Taipei,Windows 2000 SP4,Office 2000 SP3
Tethered,Windows 2000 SP4,Office 2000 SP3
Tokyo,Windows 2000 SP4,Office 2000 SP3
Toronto,Windows 2000 SP4,Office 2000 SP3
Toulouse,Windows 2000 SP4,Office 2000 SP3
United States,Windows 2000 SP4,Office 2000 SP3
Vancouver,Windows 2000 SP4,Office 2000 SP3
Asia Pacific,Windows XP,Office XP
Beijing,Windows XP,Office XP
Berlin,Windows XP,Office XP
Boston,Windows XP,Office XP
By Business Unit,Windows XP,Office XP
By Function,Windows XP,Office XP
By Location,Windows XP,Office XP
Canada,Windows XP,Office XP
Chicago,Windows XP,Office XP
Corporate Banking,Windows XP,Office XP
Credit,Windows XP,Office XP
CRM,Windows XP,Office XP
Desktops,Windows XP,Office XP
Edinburgh,Windows XP,Office XP
EMEA,Windows XP,Office XP
Engineering,Windows XP,Office XP
External Presence,Windows XP,Office XP
Financial,Windows XP,Office XP
France,Windows XP,Office XP
Frankfurt,Windows XP,Office XP
Germany,Windows XP,Office XP
Glasgow,Windows XP,Office XP
Great Britain,Windows XP,Office XP
Hamburg,Windows XP,Office XP
Hannover,Windows XP,Office XP
Hong Kong,Windows XP,Office XP
HR,Windows XP,Office XP
Infrastructure,Windows XP,Office XP
Leasing,Windows XP,Office XP
Lending,Windows XP,Office XP
LiverPool,Windows XP,Office XP
London,Windows XP,Office XP
Los Angeles,Windows XP,Office XP
Lyon,Windows XP,Office XP
Manchester,Windows XP,Office XP
Marseille,Windows XP,Office XP
Mobile,Windows XP,Office XP
Montreal,Windows XP,Office XP
New York,Windows XP,Office XP
Nice,Windows XP,Office XP
North America,Windows XP,Office XP
Operations,Windows XP,Office XP
Paris,Windows XP,Office XP
Peronsal Banking,Windows XP,Office XP
Printers,Windows XP,Office XP
Refinance,Windows XP,Office XP
San Francisco,Windows XP,Office XP
Servers,Windows XP,Office XP
Sydney,Windows XP,Office XP
Taipei,Windows XP,Office XP
Tethered,Windows XP,Office XP
Tokyo,Windows XP,Office XP
Toronto,Windows XP,Office XP
Toulouse,Windows XP,Office XP
United States,Windows XP,Office XP
Vancouver,Windows XP,Office XP
Asia Pacific,MacOS X 10.4 (Intel),Safari
Beijing,MacOS X 10.4 (Intel),Safari
Berlin,MacOS X 10.4 (Intel),Safari
Boston,MacOS X 10.4 (Intel),Safari
By Business Unit,MacOS X 10.4 (Intel),Safari
By Function,MacOS X 10.4 (Intel),Safari
By Location,MacOS X 10.4 (Intel),Safari
Canada,MacOS X 10.4 (Intel),Safari
Chicago,MacOS X 10.4 (Intel),Safari
Corporate Banking,MacOS X 10.4 (Intel),Safari
Credit,MacOS X 10.4 (Intel),Safari
CRM,MacOS X 10.4 (Intel),Safari
Desktops,MacOS X 10.4 (Intel),Safari
Edinburgh,MacOS X 10.4 (Intel),Safari
EMEA,MacOS X 10.4 (Intel),Safari
Engineering,MacOS X 10.4 (Intel),Safari
External Presence,MacOS X 10.4 (Intel),Safari
Financial,MacOS X 10.4 (Intel),Safari
France,MacOS X 10.4 (Intel),Safari
Frankfurt,MacOS X 10.4 (Intel),Safari
Germany,MacOS X 10.4 (Intel),Safari
Glasgow,MacOS X 10.4 (Intel),Safari
Great Britain,MacOS X 10.4 (Intel),Safari
Hamburg,MacOS X 10.4 (Intel),Safari
Hannover,MacOS X 10.4 (Intel),Safari
Hong Kong,MacOS X 10.4 (Intel),Safari
HR,MacOS X 10.4 (Intel),Safari
Infrastructure,MacOS X 10.4 (Intel),Safari
Leasing,MacOS X 10.4 (Intel),Safari
Lending,MacOS X 10.4 (Intel),Safari
LiverPool,MacOS X 10.4 (Intel),Safari
London,MacOS X 10.4 (Intel),Safari
Los Angeles,MacOS X 10.4 (Intel),Safari
Lyon,MacOS X 10.4 (Intel),Safari
Manchester,MacOS X 10.4 (Intel),Safari
Marseille,MacOS X 10.4 (Intel),Safari
Mobile,MacOS X 10.4 (Intel),Safari
Montreal,MacOS X 10.4 (Intel),Safari
New York,MacOS X 10.4 (Intel),Safari
Nice,MacOS X 10.4 (Intel),Safari
North America,MacOS X 10.4 (Intel),Safari
Operations,MacOS X 10.4 (Intel),Safari
Paris,MacOS X 10.4 (Intel),Safari
Peronsal Banking,MacOS X 10.4 (Intel),Safari
Printers,MacOS X 10.4 (Intel),Safari
Refinance,MacOS X 10.4 (Intel),Safari
San Francisco,MacOS X 10.4 (Intel),Safari
Servers,MacOS X 10.4 (Intel),Safari
Sydney,MacOS X 10.4 (Intel),Safari
Taipei,MacOS X 10.4 (Intel),Safari
Tethered,MacOS X 10.4 (Intel),Safari
Tokyo,MacOS X 10.4 (Intel),Safari
Toronto,MacOS X 10.4 (Intel),Safari
Toulouse,MacOS X 10.4 (Intel),Safari
United States,MacOS X 10.4 (Intel),Safari
Vancouver,MacOS X 10.4 (Intel),Safari
Asia Pacific,Windows 2000 SP4,Windows 2000 SP4 NetBIOS Service
Beijing,Windows 2000 SP4,Windows 2000 SP4 NetBIOS Service
Berlin,Windows 2000 SP4,Windows 2000 SP4 NetBIOS Service
Boston,Windows 2000 SP4,Windows 2000 SP4 NetBIOS Service
By Business Unit,Windows 2000 SP4,Windows 2000 SP4 NetBIOS Service
By Function,Windows 2000 SP4,Windows 2000 SP4 NetBIOS Service
By Location,Windows 2000 SP4,Windows 2000 SP4 NetBIOS Service
Canada,Windows 2000 SP4,Windows 2000 SP4 NetBIOS Service
Chicago,Windows 2000 SP4,Windows 2000 SP4 NetBIOS Service
Corporate Banking,Windows 2000 SP4,Windows 2000 SP4 NetBIOS Service
Credit,Windows 2000 SP4,Windows 2000 SP4 NetBIOS Service
CRM,Windows 2000 SP4,Windows 2000 SP4 NetBIOS Service
Desktops,Windows 2000 SP4,Windows 2000 SP4 NetBIOS Service
Edinburgh,Windows 2000 SP4,Windows 2000 SP4 NetBIOS Service
EMEA,Windows 2000 SP4,Windows 2000 SP4 NetBIOS Service
Engineering,Windows 2000 SP4,Windows 2000 SP4 NetBIOS Service
External Presence,Windows 2000 SP4,Windows 2000 SP4 NetBIOS Service
Financial,Windows 2000 SP4,Windows 2000 SP4 NetBIOS Service
France,Windows 2000 SP4,Windows 2000 SP4 NetBIOS Service
Frankfurt,Windows 2000 SP4,Windows 2000 SP4 NetBIOS Service
Germany,Windows 2000 SP4,Windows 2000 SP4 NetBIOS Service
Glasgow,Windows 2000 SP4,Windows 2000 SP4 NetBIOS Service
Great Britain,Windows 2000 SP4,Windows 2000 SP4 NetBIOS Service
Hamburg,Windows 2000 SP4,Windows 2000 SP4 NetBIOS Service
Hannover,Windows 2000 SP4,Windows 2000 SP4 NetBIOS Service
Hong Kong,Windows 2000 SP4,Windows 2000 SP4 NetBIOS Service
HR,Windows 2000 SP4,Windows 2000 SP4 NetBIOS Service
Infrastructure,Windows 2000 SP4,Windows 2000 SP4 NetBIOS Service
Leasing,Windows 2000 SP4,Windows 2000 SP4 NetBIOS Service
Lending,Windows 2000 SP4,Windows 2000 SP4 NetBIOS Service
LiverPool,Windows 2000 SP4,Windows 2000 SP4 NetBIOS Service
London,Windows 2000 SP4,Windows 2000 SP4 NetBIOS Service
Los Angeles,Windows 2000 SP4,Windows 2000 SP4 NetBIOS Service
Lyon,Windows 2000 SP4,Windows 2000 SP4 NetBIOS Service
Manchester,Windows 2000 SP4,Windows 2000 SP4 NetBIOS Service
Marseille,Windows 2000 SP4,Windows 2000 SP4 NetBIOS Service
Mobile,Windows 2000 SP4,Windows 2000 SP4 NetBIOS Service
Montreal,Windows 2000 SP4,Windows 2000 SP4 NetBIOS Service
New York,Windows 2000 SP4,Windows 2000 SP4 NetBIOS Service
Nice,Windows 2000 SP4,Windows 2000 SP4 NetBIOS Service
North America,Windows 2000 SP4,Windows 2000 SP4 NetBIOS Service
Operations,Windows 2000 SP4,Windows 2000 SP4 NetBIOS Service
Paris,Windows 2000 SP4,Windows 2000 SP4 NetBIOS Service
Peronsal Banking,Windows 2000 SP4,Windows 2000 SP4 NetBIOS Service
Printers,Windows 2000 SP4,Windows 2000 SP4 NetBIOS Service
Refinance,Windows 2000 SP4,Windows 2000 SP4 NetBIOS Service
San Francisco,Windows 2000 SP4,Windows 2000 SP4 NetBIOS Service
Servers,Windows 2000 SP4,Windows 2000 SP4 NetBIOS Service
Sydney,Windows 2000 SP4,Windows 2000 SP4 NetBIOS Service
Taipei,Windows 2000 SP4,Windows 2000 SP4 NetBIOS Service
Tethered,Windows 2000 SP4,Windows 2000 SP4 NetBIOS Service
Tokyo,Windows 2000 SP4,Windows 2000 SP4 NetBIOS Service
Toronto,Windows 2000 SP4,Windows 2000 SP4 NetBIOS Service
Toulouse,Windows 2000 SP4,Windows 2000 SP4 NetBIOS Service
United States,Windows 2000 SP4,Windows 2000 SP4 NetBIOS Service
Vancouver,Windows 2000 SP4,Windows 2000 SP4 NetBIOS Service
Asia Pacific,Windows Vista,Windows Vista Enterprise SSDP Service
Beijing,Windows Vista,Windows Vista Enterprise SSDP Service
Berlin,Windows Vista,Windows Vista Enterprise SSDP Service
Boston,Windows Vista,Windows Vista Enterprise SSDP Service
By Business Unit,Windows Vista,Windows Vista Enterprise SSDP Service
By Function,Windows Vista,Windows Vista Enterprise SSDP Service
By Location,Windows Vista,Windows Vista Enterprise SSDP Service
Canada,Windows Vista,Windows Vista Enterprise SSDP Service
Chicago,Windows Vista,Windows Vista Enterprise SSDP Service
Corporate Banking,Windows Vista,Windows Vista Enterprise SSDP Service
Credit,Windows Vista,Windows Vista Enterprise SSDP Service
CRM,Windows Vista,Windows Vista Enterprise SSDP Service
Desktops,Windows Vista,Windows Vista Enterprise SSDP Service
Edinburgh,Windows Vista,Windows Vista Enterprise SSDP Service
EMEA,Windows Vista,Windows Vista Enterprise SSDP Service
Engineering,Windows Vista,Windows Vista Enterprise SSDP Service
External Presence,Windows Vista,Windows Vista Enterprise SSDP Service
Financial,Windows Vista,Windows Vista Enterprise SSDP Service
France,Windows Vista,Windows Vista Enterprise SSDP Service
Frankfurt,Windows Vista,Windows Vista Enterprise SSDP Service
Germany,Windows Vista,Windows Vista Enterprise SSDP Service
Glasgow,Windows Vista,Windows Vista Enterprise SSDP Service
Great Britain,Windows Vista,Windows Vista Enterprise SSDP Service
Hamburg,Windows Vista,Windows Vista Enterprise SSDP Service
Hannover,Windows Vista,Windows Vista Enterprise SSDP Service
Hong Kong,Windows Vista,Windows Vista Enterprise SSDP Service
HR,Windows Vista,Windows Vista Enterprise SSDP Service
Infrastructure,Windows Vista,Windows Vista Enterprise SSDP Service
Leasing,Windows Vista,Windows Vista Enterprise SSDP Service
Lending,Windows Vista,Windows Vista Enterprise SSDP Service
LiverPool,Windows Vista,Windows Vista Enterprise SSDP Service
London,Windows Vista,Windows Vista Enterprise SSDP Service
Los Angeles,Windows Vista,Windows Vista Enterprise SSDP Service
Lyon,Windows Vista,Windows Vista Enterprise SSDP Service
Manchester,Windows Vista,Windows Vista Enterprise SSDP Service
Marseille,Windows Vista,Windows Vista Enterprise SSDP Service
Mobile,Windows Vista,Windows Vista Enterprise SSDP Service
Montreal,Windows Vista,Windows Vista Enterprise SSDP Service
New York,Windows Vista,Windows Vista Enterprise SSDP Service
Nice,Windows Vista,Windows Vista Enterprise SSDP Service
North America,Windows Vista,Windows Vista Enterprise SSDP Service
Operations,Windows Vista,Windows Vista Enterprise SSDP Service
Paris,Windows Vista,Windows Vista Enterprise SSDP Service
Peronsal Banking,Windows Vista,Windows Vista Enterprise SSDP Service
Printers,Windows Vista,Windows Vista Enterprise SSDP Service
Refinance,Windows Vista,Windows Vista Enterprise SSDP Service
San Francisco,Windows Vista,Windows Vista Enterprise SSDP Service
Servers,Windows Vista,Windows Vista Enterprise SSDP Service
Sydney,Windows Vista,Windows Vista Enterprise SSDP Service
Taipei,Windows Vista,Windows Vista Enterprise SSDP Service
Tethered,Windows Vista,Windows Vista Enterprise SSDP Service
Tokyo,Windows Vista,Windows Vista Enterprise SSDP Service
Toronto,Windows Vista,Windows Vista Enterprise SSDP Service
Toulouse,Windows Vista,Windows Vista Enterprise SSDP Service
United States,Windows Vista,Windows Vista Enterprise SSDP Service
Vancouver,Windows Vista,Windows Vista Enterprise SSDP Service
Asia Pacific,Windows XP,Windows XP SP2 Remote Desktop Service
Beijing,Windows XP,Windows XP SP2 Remote Desktop Service
Berlin,Windows XP,Windows XP SP2 Remote Desktop Service
Boston,Windows XP,Windows XP SP2 Remote Desktop Service
By Business Unit,Windows XP,Windows XP SP2 Remote Desktop Service
By Function,Windows XP,Windows XP SP2 Remote Desktop Service
By Location,Windows XP,Windows XP SP2 Remote Desktop Service
Canada,Windows XP,Windows XP SP2 Remote Desktop Service
Chicago,Windows XP,Windows XP SP2 Remote Desktop Service
Corporate Banking,Windows XP,Windows XP SP2 Remote Desktop Service
Credit,Windows XP,Windows XP SP2 Remote Desktop Service
CRM,Windows XP,Windows XP SP2 Remote Desktop Service
Desktops,Windows XP,Windows XP SP2 Remote Desktop Service
Edinburgh,Windows XP,Windows XP SP2 Remote Desktop Service
EMEA,Windows XP,Windows XP SP2 Remote Desktop Service
Engineering,Windows XP,Windows XP SP2 Remote Desktop Service
External Presence,Windows XP,Windows XP SP2 Remote Desktop Service
Financial,Windows XP,Windows XP SP2 Remote Desktop Service
France,Windows XP,Windows XP SP2 Remote Desktop Service
Frankfurt,Windows XP,Windows XP SP2 Remote Desktop Service
Germany,Windows XP,Windows XP SP2 Remote Desktop Service
Glasgow,Windows XP,Windows XP SP2 Remote Desktop Service
Great Britain,Windows XP,Windows XP SP2 Remote Desktop Service
Hamburg,Windows XP,Windows XP SP2 Remote Desktop Service
Hannover,Windows XP,Windows XP SP2 Remote Desktop Service
Hong Kong,Windows XP,Windows XP SP2 Remote Desktop Service
HR,Windows XP,Windows XP SP2 Remote Desktop Service
Infrastructure,Windows XP,Windows XP SP2 Remote Desktop Service
Leasing,Windows XP,Windows XP SP2 Remote Desktop Service
Lending,Windows XP,Windows XP SP2 Remote Desktop Service
LiverPool,Windows XP,Windows XP SP2 Remote Desktop Service
London,Windows XP,Windows XP SP2 Remote Desktop Service
Los Angeles,Windows XP,Windows XP SP2 Remote Desktop Service
Lyon,Windows XP,Windows XP SP2 Remote Desktop Service
Manchester,Windows XP,Windows XP SP2 Remote Desktop Service
Marseille,Windows XP,Windows XP SP2 Remote Desktop Service
Mobile,Windows XP,Windows XP SP2 Remote Desktop Service
Montreal,Windows XP,Windows XP SP2 Remote Desktop Service
New York,Windows XP,Windows XP SP2 Remote Desktop Service
Nice,Windows XP,Windows XP SP2 Remote Desktop Service
North America,Windows XP,Windows XP SP2 Remote Desktop Service
Operations,Windows XP,Windows XP SP2 Remote Desktop Service
Paris,Windows XP,Windows XP SP2 Remote Desktop Service
Peronsal Banking,Windows XP,Windows XP SP2 Remote Desktop Service
Printers,Windows XP,Windows XP SP2 Remote Desktop Service
Refinance,Windows XP,Windows XP SP2 Remote Desktop Service
San Francisco,Windows XP,Windows XP SP2 Remote Desktop Service
Servers,Windows XP,Windows XP SP2 Remote Desktop Service
Sydney,Windows XP,Windows XP SP2 Remote Desktop Service
Taipei,Windows XP,Windows XP SP2 Remote Desktop Service
Tethered,Windows XP,Windows XP SP2 Remote Desktop Service
Tokyo,Windows XP,Windows XP SP2 Remote Desktop Service
Toronto,Windows XP,Windows XP SP2 Remote Desktop Service
Toulouse,Windows XP,Windows XP SP2 Remote Desktop Service
United States,Windows XP,Windows XP SP2 Remote Desktop Service
Vancouver,Windows XP,Windows XP SP2 Remote Desktop Service
Asia Pacific,Windows 2000 SP4,WinZip 7.0
Beijing,Windows 2000 SP4,WinZip 7.0
Berlin,Windows 2000 SP4,WinZip 7.0
Boston,Windows 2000 SP4,WinZip 7.0
By Business Unit,Windows 2000 SP4,WinZip 7.0
By Function,Windows 2000 SP4,WinZip 7.0
By Location,Windows 2000 SP4,WinZip 7.0
Canada,Windows 2000 SP4,WinZip 7.0
Chicago,Windows 2000 SP4,WinZip 7.0
Corporate Banking,Windows 2000 SP4,WinZip 7.0
Credit,Windows 2000 SP4,WinZip 7.0
CRM,Windows 2000 SP4,WinZip 7.0
Desktops,Windows 2000 SP4,WinZip 7.0
Edinburgh,Windows 2000 SP4,WinZip 7.0
EMEA,Windows 2000 SP4,WinZip 7.0
Engineering,Windows 2000 SP4,WinZip 7.0
External Presence,Windows 2000 SP4,WinZip 7.0
Financial,Windows 2000 SP4,WinZip 7.0
France,Windows 2000 SP4,WinZip 7.0
Frankfurt,Windows 2000 SP4,WinZip 7.0
Germany,Windows 2000 SP4,WinZip 7.0
Glasgow,Windows 2000 SP4,WinZip 7.0
Great Britain,Windows 2000 SP4,WinZip 7.0
Hamburg,Windows 2000 SP4,WinZip 7.0
Hannover,Windows 2000 SP4,WinZip 7.0
Hong Kong,Windows 2000 SP4,WinZip 7.0
HR,Windows 2000 SP4,WinZip 7.0
Infrastructure,Windows 2000 SP4,WinZip 7.0
Leasing,Windows 2000 SP4,WinZip 7.0
Lending,Windows 2000 SP4,WinZip 7.0
LiverPool,Windows 2000 SP4,WinZip 7.0
London,Windows 2000 SP4,WinZip 7.0
Los Angeles,Windows 2000 SP4,WinZip 7.0
Lyon,Windows 2000 SP4,WinZip 7.0
Manchester,Windows 2000 SP4,WinZip 7.0
Marseille,Windows 2000 SP4,WinZip 7.0
Mobile,Windows 2000 SP4,WinZip 7.0
Montreal,Windows 2000 SP4,WinZip 7.0
New York,Windows 2000 SP4,WinZip 7.0
Nice,Windows 2000 SP4,WinZip 7.0
North America,Windows 2000 SP4,WinZip 7.0
Operations,Windows 2000 SP4,WinZip 7.0
Paris,Windows 2000 SP4,WinZip 7.0
Peronsal Banking,Windows 2000 SP4,WinZip 7.0
Printers,Windows 2000 SP4,WinZip 7.0
Refinance,Windows 2000 SP4,WinZip 7.0
San Francisco,Windows 2000 SP4,WinZip 7.0
Servers,Windows 2000 SP4,WinZip 7.0
Sydney,Windows 2000 SP4,WinZip 7.0
Taipei,Windows 2000 SP4,WinZip 7.0
Tethered,Windows 2000 SP4,WinZip 7.0
Tokyo,Windows 2000 SP4,WinZip 7.0
Toronto,Windows 2000 SP4,WinZip 7.0
Toulouse,Windows 2000 SP4,WinZip 7.0
United States,Windows 2000 SP4,WinZip 7.0
Vancouver,Windows 2000 SP4,WinZip 7.0
